{
  "dino_lmms-lab/RefCOCO": 0.5103797468354431,
  "dino_lmms-lab/RefCOCOplus": 0.5063291139240507,
  "dino_lmms-lab/RefCOCOg": 0.6263189329086204,
  "dino_ZinengTang/PersReFex": 0.3447811447811448
}