{
  "dino_lmms-lab/RefCOCO": 0.5103797468354431,
  "dino_lmms-lab/RefCOCOplus": 0.5063291139240507
}