{
  "llava_lmms-lab/RefCOCO": 0.4891139240506329,
  "llava_lmms-lab/RefCOCOplus": 0.42278481012658226,
  "llava_lmms-lab/RefCOCOg": 0.385626119848696,
  "llava_ZinengTang/PersReFex": 0.2037037037037037
}