{
  "llava_lmms-lab/RefCOCO": 0.4891139240506329,
  "llava_lmms-lab/RefCOCOplus": 0.42278481012658226
}